{
  "weights": {
    "BOLL_触及下轨": 12.1,
    "RSI_极度超卖": 10.0,
    "量价_放量横盘": 6.9,
    "KDJ_J超卖": 8.0,
    "MA_突破MA5": 7.3,
    "RSI_回升": 7.3,
    "RSI_超卖": 7.0,
    "BOLL_中轨下方": 6.8,
    "MACD_即将金叉": 6.4,
    "KDJ_超卖金叉": 6.1,
    "资金_温和流入": 5.4,
    "量价_严重缩量": 4.5,
    "MA_短期多头": 4.5,
    "KDJ_多头": 4.5,
    "量价_缩量上涨": 4.5,
    "MA_站上MA5": 2.5,
    "MACD_红柱": 2.5,
    "RSI_强势": 4.0,
    "形态_锤子线": 3.9,
    "形态_早晨之星": 3.9,
    "形态_阳线": 2.5,
    "形态_阳包阴": 3.3,
    "MACD_红柱放大": 2.8,
    "MA_多头排列": 2.7,
    "RSI_偏高": 0.0,
    "MACD_金叉": 3.6,
    "量价_量升价涨": 1.6,
    "量价_放量上涨": 1.2
  },
  "threshold": 120,
  "calibrated_at": "2026-03-10 17:20:53",
  "sample_size": 200,
  "signal_stats": {
    "MACD_即将金叉": {
      "win_rate": 0.5213941341904379,
      "avg_return": 0.26676074264966204,
      "n": 9956
    },
    "KDJ_多头": {
      "win_rate": 0.4997576345128454,
      "avg_return": 0.2143128130100218,
      "n": 16504
    },
    "BOLL_中轨下方": {
      "win_rate": 0.5259917920656635,
      "avg_return": 0.2542382304100872,
      "n": 16082
    },
    "资金_温和流入": {
      "win_rate": 0.5048085814684669,
      "avg_return": 0.21350867261464695,
      "n": 43256
    },
    "KDJ_J超卖": {
      "win_rate": 0.538661031601191,
      "avg_return": 0.2591090778317863,
      "n": 10411
    },
    "RSI_超卖": {
      "win_rate": 0.5273417721518987,
      "avg_return": 0.2460121349865427,
      "n": 3950
    },
    "RSI_极度超卖": {
      "win_rate": 0.5605639820551165,
      "avg_return": 0.32284121479018113,
      "n": 4681
    },
    "BOLL_触及下轨": {
      "win_rate": 0.584446190102121,
      "avg_return": 0.31174128002943324,
      "n": 2546
    },
    "KDJ_超卖金叉": {
      "win_rate": 0.5178739416745061,
      "avg_return": 0.2613543065186308,
      "n": 2126
    },
    "量价_缩量上涨": {
      "win_rate": 0.4996629105268227,
      "avg_return": 0.22268391370792284,
      "n": 10383
    },
    "形态_阳包阴": {
      "win_rate": 0.4867924528301887,
      "avg_return": 0.2863224659830637,
      "n": 1855
    },
    "MA_突破MA5": {
      "win_rate": 0.5311684546245289,
      "avg_return": 0.32424674643114065,
      "n": 3449
    },
    "量价_量升价涨": {
      "win_rate": 0.46764148388843757,
      "avg_return": 0.1842011733588932,
      "n": 3693
    },
    "形态_阳线": {
      "win_rate": 0.48705161329087304,
      "avg_return": 0.18642354369702324,
      "n": 16643
    },
    "MA_站上MA5": {
      "win_rate": 0.4995355318160706,
      "avg_return": 0.1915825096763813,
      "n": 4306
    },
    "RSI_回升": {
      "win_rate": 0.5308988764044944,
      "avg_return": 0.20540463732425632,
      "n": 4628
    },
    "RSI_偏高": {
      "win_rate": 0.47302407082910636,
      "avg_return": 0.20417725508900425,
      "n": 10843
    },
    "RSI_强势": {
      "win_rate": 0.49468513448220325,
      "avg_return": 0.1898219220626521,
      "n": 12418
    },
    "MA_短期多头": {
      "win_rate": 0.5000694348007221,
      "avg_return": 0.2039636475678041,
      "n": 7201
    },
    "MACD_金叉": {
      "win_rate": 0.4708904109589041,
      "avg_return": 0.2062083752177607,
      "n": 1752
    },
    "量价_放量上涨": {
      "win_rate": 0.45749128919860627,
      "avg_return": 0.20044745440344455,
      "n": 2870
    },
    "MACD_红柱放大": {
      "win_rate": 0.480594243268338,
      "avg_return": 0.23539835474713441,
      "n": 10770
    },
    "MA_多头排列": {
      "win_rate": 0.48051044083526684,
      "avg_return": 0.1770854838314176,
      "n": 17240
    },
    "MACD_红柱": {
      "win_rate": 0.4954119850187266,
      "avg_return": 0.1460381846816521,
      "n": 10680
    },
    "形态_早晨之星": {
      "win_rate": 0.49316628701594534,
      "avg_return": 0.26573124059523723,
      "n": 1756
    },
    "形态_锤子线": {
      "win_rate": 0.4932855863921218,
      "avg_return": 0.12708564896669586,
      "n": 3351
    },
    "量价_严重缩量": {
      "win_rate": 0.5041876046901173,
      "avg_return": 0.3658012322782715,
      "n": 597
    },
    "量价_放量横盘": {
      "win_rate": 0.56,
      "avg_return": 0.3696795192610887,
      "n": 125
    }
  },
  "best_combos": [
    {
      "signals": [
        "RSI_极度超卖",
        "MACD_即将金叉",
        "KDJ_超卖金叉"
      ],
      "win_rate": 0.8461538461538461,
      "avg_return": 0.8888999257036334,
      "n": 26
    },
    {
      "signals": [
        "MA_突破MA5",
        "资金_温和流入",
        "量价_严重缩量"
      ],
      "win_rate": 0.8181818181818182,
      "avg_return": 2.5109954233294327,
      "n": 11
    },
    {
      "signals": [
        "RSI_极度超卖",
        "BOLL_中轨下方",
        "KDJ_超卖金叉"
      ],
      "win_rate": 0.8148148148148148,
      "avg_return": 0.7881217089967182,
      "n": 27
    },
    {
      "signals": [
        "BOLL_触及下轨",
        "KDJ_多头"
      ],
      "win_rate": 0.8,
      "avg_return": 1.038047585843363,
      "n": 25
    },
    {
      "signals": [
        "RSI_极度超卖",
        "KDJ_超卖金叉"
      ],
      "win_rate": 0.7666666666666667,
      "avg_return": 0.6792198786205649,
      "n": 30
    },
    {
      "signals": [
        "RSI_极度超卖",
        "KDJ_超卖金叉",
        "资金_温和流入"
      ],
      "win_rate": 0.7666666666666667,
      "avg_return": 0.6792198786205649,
      "n": 30
    },
    {
      "signals": [
        "MACD_红柱",
        "量价_放量上涨"
      ],
      "win_rate": 0.7058823529411765,
      "avg_return": 1.2932451148961575,
      "n": 17
    },
    {
      "signals": [
        "形态_阳包阴",
        "RSI_极度超卖"
      ],
      "win_rate": 0.6956521739130435,
      "avg_return": 0.9783176212668105,
      "n": 23
    },
    {
      "signals": [
        "RSI_极度超卖",
        "KDJ_多头"
      ],
      "win_rate": 0.6857142857142857,
      "avg_return": 1.0254521902741507,
      "n": 35
    },
    {
      "signals": [
        "MA_多头排列",
        "BOLL_触及下轨"
      ],
      "win_rate": 0.6842105263157895,
      "avg_return": 1.141061883874577,
      "n": 19
    }
  ]
}