{
  "weights": {
    "BOLL_触及下轨": 12.5,
    "RSI_极度超卖": 10.0,
    "KDJ_J超卖": 8.8,
    "量价_放量横盘": 4.6,
    "MA_突破MA5": 7.5,
    "RSI_超卖": 7.4,
    "BOLL_中轨下方": 5.0,
    "MACD_即将金叉": 6.3,
    "RSI_回升": 6.1,
    "KDJ_超卖金叉": 5.8,
    "量价_严重缩量": 4.0,
    "资金_温和流入": 5.4,
    "MA_短期多头": 3.9,
    "量价_缩量上涨": 3.8,
    "MACD_红柱": 3.6,
    "形态_阳线": 3.5,
    "KDJ_多头": 3.5,
    "MA_站上MA5": 3.1,
    "RSI_强势": 2.7,
    "MACD_红柱放大": 3.6,
    "形态_早晨之星": 2.3,
    "MACD_金叉": 5.4,
    "MA_多头排列": 3.0,
    "形态_锤子线": 2.4,
    "RSI_偏高": 1.9,
    "量价_放量上涨": 6.0,
    "量价_量升价涨": 4.5,
    "形态_阳包阴": 3.0
  },
  "threshold": 90,
  "calibrated_at": "2026-03-10 15:59:06",
  "sample_size": 80,
  "signal_stats": {
    "MACD_即将金叉": {
      "win_rate": 0.5201401050788091,
      "avg_return": 0.2819228615788042,
      "n": 3997
    },
    "KDJ_多头": {
      "win_rate": 0.48863636363636365,
      "avg_return": 0.219972399255432,
      "n": 6600
    },
    "RSI_回升": {
      "win_rate": 0.5178114086146682,
      "avg_return": 0.23295295688248116,
      "n": 4295
    },
    "BOLL_中轨下方": {
      "win_rate": 0.5230534351145039,
      "avg_return": 0.25967437051881204,
      "n": 6550
    },
    "资金_温和流入": {
      "win_rate": 0.5013461648622329,
      "avg_return": 0.23820026566328575,
      "n": 17457
    },
    "KDJ_J超卖": {
      "win_rate": 0.5475741874705605,
      "avg_return": 0.3136592265497901,
      "n": 4246
    },
    "RSI_超卖": {
      "win_rate": 0.532319391634981,
      "avg_return": 0.2782643104757844,
      "n": 1578
    },
    "RSI_极度超卖": {
      "win_rate": 0.5616580310880829,
      "avg_return": 0.364569416748424,
      "n": 1930
    },
    "BOLL_触及下轨": {
      "win_rate": 0.5949632738719832,
      "avg_return": 0.3845853041630601,
      "n": 953
    },
    "KDJ_超卖金叉": {
      "win_rate": 0.5155709342560554,
      "avg_return": 0.24232934286885627,
      "n": 867
    },
    "量价_缩量上涨": {
      "win_rate": 0.4918272749451086,
      "avg_return": 0.2248096610968059,
      "n": 4099
    },
    "形态_阳包阴": {
      "win_rate": 0.46814404432132967,
      "avg_return": 0.1951926023838451,
      "n": 722
    },
    "MA_突破MA5": {
      "win_rate": 0.5337597725657427,
      "avg_return": 0.2965045816518635,
      "n": 1407
    },
    "量价_量升价涨": {
      "win_rate": 0.4683794466403162,
      "avg_return": 0.2076328335901999,
      "n": 1518
    },
    "形态_阳线": {
      "win_rate": 0.48883961566888395,
      "avg_return": 0.23525397392930572,
      "n": 6765
    },
    "MA_站上MA5": {
      "win_rate": 0.4840989399293286,
      "avg_return": 0.15914998855315193,
      "n": 1698
    },
    "RSI_偏高": {
      "win_rate": 0.47129629629629627,
      "avg_return": 0.22114850453844084,
      "n": 4320
    },
    "RSI_强势": {
      "win_rate": 0.4805091487669053,
      "avg_return": 0.1795458084281791,
      "n": 5028
    },
    "MA_短期多头": {
      "win_rate": 0.4934027777777778,
      "avg_return": 0.1883097113972038,
      "n": 2880
    },
    "MACD_金叉": {
      "win_rate": 0.47685834502103785,
      "avg_return": 0.19727398104136423,
      "n": 713
    },
    "量价_放量上涨": {
      "win_rate": 0.469335604770017,
      "avg_return": 0.21185551097349845,
      "n": 1174
    },
    "MACD_红柱放大": {
      "win_rate": 0.47981438515081204,
      "avg_return": 0.27988818093073675,
      "n": 4310
    },
    "MA_多头排列": {
      "win_rate": 0.47607379648313636,
      "avg_return": 0.2295071324951042,
      "n": 6938
    },
    "MACD_红柱": {
      "win_rate": 0.48947122133832477,
      "avg_return": 0.17198715670121847,
      "n": 4274
    },
    "形态_早晨之星": {
      "win_rate": 0.4774011299435028,
      "avg_return": 0.22610535665338202,
      "n": 708
    },
    "形态_锤子线": {
      "win_rate": 0.4756468797564688,
      "avg_return": 0.10766926219519128,
      "n": 1314
    },
    "量价_严重缩量": {
      "win_rate": 0.5064377682403434,
      "avg_return": 0.3707226867066666,
      "n": 233
    },
    "量价_放量横盘": {
      "win_rate": 0.5416666666666666,
      "avg_return": 0.6971182761325748,
      "n": 48
    }
  },
  "best_combos": [
    {
      "signals": [
        "RSI_极度超卖",
        "MACD_即将金叉",
        "KDJ_超卖金叉"
      ],
      "win_rate": 0.9,
      "avg_return": 1.4058398992966592,
      "n": 10
    },
    {
      "signals": [
        "KDJ_J超卖",
        "RSI_回升",
        "量价_严重缩量"
      ],
      "win_rate": 0.8888888888888888,
      "avg_return": 1.2166032838271608,
      "n": 18
    },
    {
      "signals": [
        "RSI_极度超卖",
        "KDJ_超卖金叉",
        "资金_温和流入"
      ],
      "win_rate": 0.8333333333333334,
      "avg_return": 1.2494237905463212,
      "n": 12
    },
    {
      "signals": [
        "RSI_极度超卖",
        "BOLL_中轨下方",
        "KDJ_超卖金叉"
      ],
      "win_rate": 0.8181818181818182,
      "avg_return": 1.1114806425075918,
      "n": 11
    },
    {
      "signals": [
        "KDJ_J超卖",
        "BOLL_中轨下方",
        "MA_短期多头"
      ],
      "win_rate": 0.7333333333333333,
      "avg_return": 1.0838991492835912,
      "n": 15
    },
    {
      "signals": [
        "KDJ_多头",
        "RSI_极度超卖"
      ],
      "win_rate": 0.7222222222222222,
      "avg_return": 1.1446223282338646,
      "n": 18
    },
    {
      "signals": [
        "KDJ_J超卖",
        "RSI_回升",
        "MA_短期多头"
      ],
      "win_rate": 0.7222222222222222,
      "avg_return": 0.6723905962245937,
      "n": 18
    },
    {
      "signals": [
        "形态_阳线",
        "BOLL_触及下轨"
      ],
      "win_rate": 0.7142857142857143,
      "avg_return": 0.9658829202405828,
      "n": 77
    },
    {
      "signals": [
        "MA_短期多头",
        "KDJ_J超卖"
      ],
      "win_rate": 0.7083333333333334,
      "avg_return": 0.8148258113035687,
      "n": 24
    },
    {
      "signals": [
        "KDJ_J超卖",
        "资金_温和流入",
        "MA_短期多头"
      ],
      "win_rate": 0.7083333333333334,
      "avg_return": 0.8148258113035687,
      "n": 24
    }
  ]
}