{
  "weights": {
    "BOLL_触及下轨": 12.5,
    "KDJ_J超卖": 8.6,
    "RSI_回升": 8.1,
    "RSI_极度超卖": 7.6,
    "RSI_超卖": 7.2,
    "BOLL_中轨下方": 5.0,
    "MA_突破MA5": 7.1,
    "MACD_即将金叉": 6.4,
    "KDJ_超卖金叉": 5.9,
    "量价_严重缩量": 4.5,
    "资金_温和流入": 5.4,
    "MA_短期多头": 5.0,
    "MACD_金叉": 5.4,
    "量价_缩量上涨": 4.7,
    "形态_早晨之星": 4.2,
    "KDJ_多头": 4.0,
    "RSI_强势": 3.9,
    "形态_锤子线": 3.9,
    "量价_量升价涨": 4.5,
    "MACD_红柱": 3.1,
    "形态_阳线": 3.1,
    "MA_多头排列": 3.0,
    "MA_站上MA5": 2.8,
    "MACD_红柱放大": 3.6,
    "形态_阳包阴": 3.0,
    "RSI_偏高": 2.1,
    "量价_放量上涨": 6.0,
    "量价_放量横盘": 3.0
  },
  "threshold": 90,
  "calibrated_at": "2026-03-09 17:17:20",
  "sample_size": 80,
  "signal_stats": {
    "MACD_即将金叉": {
      "win_rate": 0.520703933747412,
      "avg_return": 0.37839210183283056,
      "n": 3864
    },
    "KDJ_多头": {
      "win_rate": 0.49410394526131896,
      "avg_return": 0.29851882203573865,
      "n": 6869
    },
    "RSI_回升": {
      "win_rate": 0.5404124200047404,
      "avg_return": 0.42806116540452926,
      "n": 4219
    },
    "MA_突破MA5": {
      "win_rate": 0.5289017341040463,
      "avg_return": 0.4967023372507852,
      "n": 1384
    },
    "BOLL_中轨下方": {
      "win_rate": 0.5289365452408931,
      "avg_return": 0.3534709144082877,
      "n": 6808
    },
    "量价_量升价涨": {
      "win_rate": 0.4875,
      "avg_return": 0.4099989971627656,
      "n": 1520
    },
    "形态_阳线": {
      "win_rate": 0.48405115390269,
      "avg_return": 0.30637532642813764,
      "n": 6803
    },
    "资金_温和流入": {
      "win_rate": 0.5067735055052747,
      "avg_return": 0.3267242974842528,
      "n": 17347
    },
    "MA_站上MA5": {
      "win_rate": 0.4809830310122879,
      "avg_return": 0.1677048007713616,
      "n": 1709
    },
    "RSI_强势": {
      "win_rate": 0.49297752808988765,
      "avg_return": 0.3364530578405854,
      "n": 4984
    },
    "MA_短期多头": {
      "win_rate": 0.5056410256410256,
      "avg_return": 0.34939957607980504,
      "n": 2925
    },
    "RSI_超卖": {
      "win_rate": 0.5297973778307509,
      "avg_return": 0.27335358107491564,
      "n": 1678
    },
    "量价_缩量上涨": {
      "win_rate": 0.5023744063984004,
      "avg_return": 0.3303986854166693,
      "n": 4001
    },
    "MACD_金叉": {
      "win_rate": 0.5053908355795148,
      "avg_return": 0.5651193067779942,
      "n": 742
    },
    "形态_锤子线": {
      "win_rate": 0.4929078014184397,
      "avg_return": 0.14261727161465346,
      "n": 1128
    },
    "MACD_红柱放大": {
      "win_rate": 0.4805017103762828,
      "avg_return": 0.3210772014936115,
      "n": 4385
    },
    "RSI_偏高": {
      "win_rate": 0.47380675203725264,
      "avg_return": 0.2983914025339908,
      "n": 4295
    },
    "量价_放量上涨": {
      "win_rate": 0.4577677224736048,
      "avg_return": 0.2906622504604043,
      "n": 1326
    },
    "形态_早晨之星": {
      "win_rate": 0.49927431059506533,
      "avg_return": 0.5837432997439309,
      "n": 689
    },
    "MA_多头排列": {
      "win_rate": 0.4814648729446936,
      "avg_return": 0.3108446818174935,
      "n": 6690
    },
    "MACD_红柱": {
      "win_rate": 0.48482060717571296,
      "avg_return": 0.19555215386728558,
      "n": 4348
    },
    "KDJ_J超卖": {
      "win_rate": 0.545225555301122,
      "avg_return": 0.34469710075608084,
      "n": 4367
    },
    "RSI_极度超卖": {
      "win_rate": 0.5343669250645995,
      "avg_return": 0.22577633948526557,
      "n": 1935
    },
    "形态_阳包阴": {
      "win_rate": 0.4749679075738126,
      "avg_return": 0.13603490464757348,
      "n": 779
    },
    "KDJ_超卖金叉": {
      "win_rate": 0.5164113785557987,
      "avg_return": 0.43582008188375143,
      "n": 914
    },
    "BOLL_触及下轨": {
      "win_rate": 0.5991332611050921,
      "avg_return": 0.4249102566774012,
      "n": 923
    },
    "量价_严重缩量": {
      "win_rate": 0.5136363636363637,
      "avg_return": 0.9964792757385065,
      "n": 220
    },
    "量价_放量横盘": {
      "win_rate": 0.42857142857142855,
      "avg_return": 0.10559164217390216,
      "n": 49
    }
  },
  "best_combos": [
    {
      "signals": [
        "RSI_极度超卖",
        "资金_温和流入",
        "MA_短期多头"
      ],
      "win_rate": 0.7857142857142857,
      "avg_return": 1.454857280207633,
      "n": 14
    },
    {
      "signals": [
        "RSI_极度超卖",
        "BOLL_中轨下方",
        "MA_短期多头"
      ],
      "win_rate": 0.7692307692307693,
      "avg_return": 1.4667193536726362,
      "n": 13
    },
    {
      "signals": [
        "BOLL_触及下轨",
        "量价_缩量上涨"
      ],
      "win_rate": 0.7567567567567568,
      "avg_return": 0.9311409708788924,
      "n": 37
    },
    {
      "signals": [
        "RSI_偏高",
        "MA_突破MA5"
      ],
      "win_rate": 0.7142857142857143,
      "avg_return": 1.1430542096151552,
      "n": 28
    },
    {
      "signals": [
        "KDJ_J超卖",
        "MACD_红柱放大"
      ],
      "win_rate": 0.7083333333333334,
      "avg_return": 1.22477034082772,
      "n": 24
    },
    {
      "signals": [
        "KDJ_J超卖",
        "RSI_回升",
        "MA_短期多头"
      ],
      "win_rate": 0.7058823529411765,
      "avg_return": 1.5040832347777155,
      "n": 17
    },
    {
      "signals": [
        "BOLL_触及下轨",
        "RSI_极度超卖",
        "MACD_即将金叉"
      ],
      "win_rate": 0.7,
      "avg_return": 0.6413874062388882,
      "n": 10
    },
    {
      "signals": [
        "BOLL_中轨下方",
        "KDJ_超卖金叉",
        "MA_短期多头"
      ],
      "win_rate": 0.7,
      "avg_return": 3.426601120433015,
      "n": 10
    },
    {
      "signals": [
        "KDJ_J超卖",
        "MA_短期多头"
      ],
      "win_rate": 0.6785714285714286,
      "avg_return": 1.4613254834946527,
      "n": 28
    },
    {
      "signals": [
        "KDJ_J超卖",
        "资金_温和流入",
        "MA_短期多头"
      ],
      "win_rate": 0.6785714285714286,
      "avg_return": 1.4613254834946527,
      "n": 28
    }
  ]
}