{
  "weights": {
    "BOLL_触及下轨": 12.5,
    "RSI_极度超卖": 10.1,
    "KDJ_J超卖": 9.1,
    "量价_放量横盘": 6.2,
    "RSI_超卖": 8.4,
    "RSI_回升": 7.8,
    "MA_突破MA5": 7.6,
    "量价_严重缩量": 6.7,
    "BOLL_中轨下方": 6.9,
    "KDJ_超卖金叉": 6.4,
    "MACD_即将金叉": 6.2,
    "资金_温和流入": 5.4,
    "MACD_红柱": 2.5,
    "形态_锤子线": 4.8,
    "形态_早晨之星": 4.8,
    "量价_缩量上涨": 4.8,
    "MA_短期多头": 4.6,
    "RSI_强势": 4.6,
    "形态_阳包阴": 4.2,
    "KDJ_多头": 4.2,
    "MA_多头排列": 3.5,
    "形态_阳线": 2.5,
    "MA_站上MA5": 2.5,
    "MACD_金叉": 3.6,
    "MACD_红柱放大": 2.6,
    "RSI_偏高": 0.0,
    "量价_量升价涨": 0.9,
    "量价_放量上涨": 1.2
  },
  "threshold": 130,
  "calibrated_at": "2026-03-11 14:36:52",
  "sample_size": 200,
  "signal_stats": {
    "MACD_即将金叉": {
      "win_rate": 0.5193003618817853,
      "avg_return": 0.27735404938011526,
      "n": 9948
    },
    "KDJ_多头": {
      "win_rate": 0.49623832059216116,
      "avg_return": 0.2411329574032018,
      "n": 16482
    },
    "RSI_超卖": {
      "win_rate": 0.5429737311910227,
      "avg_return": 0.2962954142380212,
      "n": 3921
    },
    "MA_突破MA5": {
      "win_rate": 0.5340575455079272,
      "avg_return": 0.3390572489683778,
      "n": 3406
    },
    "BOLL_中轨下方": {
      "win_rate": 0.5270133164235891,
      "avg_return": 0.2709064295590572,
      "n": 15770
    },
    "量价_缩量上涨": {
      "win_rate": 0.5028035576179428,
      "avg_return": 0.24236432364265015,
      "n": 10344
    },
    "形态_阳包阴": {
      "win_rate": 0.49691991786447637,
      "avg_return": 0.24914882423699136,
      "n": 1948
    },
    "资金_温和流入": {
      "win_rate": 0.5086903473836875,
      "avg_return": 0.22934572724770136,
      "n": 43439
    },
    "MA_站上MA5": {
      "win_rate": 0.48481362172112286,
      "avg_return": 0.12706796419217573,
      "n": 4346
    },
    "RSI_回升": {
      "win_rate": 0.5363070539419087,
      "avg_return": 0.2895448982646304,
      "n": 4820
    },
    "形态_阳线": {
      "win_rate": 0.48788825366888666,
      "avg_return": 0.1794804632015083,
      "n": 16967
    },
    "RSI_偏高": {
      "win_rate": 0.47761594138146723,
      "avg_return": 0.195209955101275,
      "n": 11191
    },
    "MA_短期多头": {
      "win_rate": 0.501661589587372,
      "avg_return": 0.23863782257766805,
      "n": 7222
    },
    "MACD_金叉": {
      "win_rate": 0.4802887284841755,
      "avg_return": 0.3111670842822183,
      "n": 1801
    },
    "RSI_强势": {
      "win_rate": 0.5005608974358975,
      "avg_return": 0.20859889238283685,
      "n": 12480
    },
    "MACD_红柱放大": {
      "win_rate": 0.47844747154319833,
      "avg_return": 0.19884481423765263,
      "n": 10718
    },
    "量价_放量上涨": {
      "win_rate": 0.4523809523809524,
      "avg_return": 0.18194551385116553,
      "n": 2940
    },
    "形态_锤子线": {
      "win_rate": 0.5036877688998156,
      "avg_return": 0.159783308092647,
      "n": 3254
    },
    "MACD_红柱": {
      "win_rate": 0.506975884690012,
      "avg_return": 0.17483475808433455,
      "n": 10823
    },
    "MA_多头排列": {
      "win_rate": 0.4883720930232558,
      "avg_return": 0.18932703813009835,
      "n": 17673
    },
    "量价_量升价涨": {
      "win_rate": 0.45339779747515446,
      "avg_return": 0.07077537945786584,
      "n": 3723
    },
    "KDJ_J超卖": {
      "win_rate": 0.5509117792015771,
      "avg_return": 0.3172574904704354,
      "n": 10145
    },
    "RSI_极度超卖": {
      "win_rate": 0.561865189289012,
      "avg_return": 0.3373720587359264,
      "n": 4332
    },
    "BOLL_触及下轨": {
      "win_rate": 0.5886868686868687,
      "avg_return": 0.3561779750849861,
      "n": 2475
    },
    "KDJ_超卖金叉": {
      "win_rate": 0.5215962441314554,
      "avg_return": 0.318381440112308,
      "n": 2130
    },
    "形态_早晨之星": {
      "win_rate": 0.5030846887268648,
      "avg_return": 0.3496184672077278,
      "n": 1783
    },
    "量价_放量横盘": {
      "win_rate": 0.5454545454545454,
      "avg_return": 0.6483610580963087,
      "n": 143
    },
    "量价_严重缩量": {
      "win_rate": 0.5292307692307693,
      "avg_return": 0.49543466742664105,
      "n": 650
    }
  },
  "best_combos": [
    {
      "signals": [
        "BOLL_中轨下方",
        "量价_放量横盘"
      ],
      "win_rate": 0.8,
      "avg_return": 0.5441322340431874,
      "n": 15
    },
    {
      "signals": [
        "BOLL_触及下轨",
        "KDJ_超卖金叉",
        "资金_温和流入"
      ],
      "win_rate": 0.8,
      "avg_return": 2.243499366563661,
      "n": 10
    },
    {
      "signals": [
        "RSI_极度超卖",
        "MA_突破MA5",
        "KDJ_超卖金叉"
      ],
      "win_rate": 0.8,
      "avg_return": 2.1245862438837197,
      "n": 10
    },
    {
      "signals": [
        "量价_放量横盘",
        "BOLL_中轨下方",
        "资金_温和流入"
      ],
      "win_rate": 0.8,
      "avg_return": 0.5441322340431874,
      "n": 15
    },
    {
      "signals": [
        "RSI_极度超卖",
        "形态_阳包阴"
      ],
      "win_rate": 0.7317073170731707,
      "avg_return": 0.3736096990317005,
      "n": 41
    },
    {
      "signals": [
        "BOLL_触及下轨",
        "KDJ_多头"
      ],
      "win_rate": 0.7272727272727273,
      "avg_return": 0.29447399966252213,
      "n": 22
    },
    {
      "signals": [
        "量价_缩量上涨",
        "BOLL_触及下轨"
      ],
      "win_rate": 0.7236842105263158,
      "avg_return": 0.8868194950837932,
      "n": 76
    },
    {
      "signals": [
        "RSI_超卖",
        "量价_严重缩量"
      ],
      "win_rate": 0.7083333333333334,
      "avg_return": 1.2163287343462064,
      "n": 24
    },
    {
      "signals": [
        "RSI_超卖",
        "量价_严重缩量",
        "资金_温和流入"
      ],
      "win_rate": 0.7083333333333334,
      "avg_return": 1.2163287343462064,
      "n": 24
    },
    {
      "signals": [
        "KDJ_J超卖",
        "RSI_超卖",
        "量价_严重缩量"
      ],
      "win_rate": 0.6956521739130435,
      "avg_return": 1.2388082141307937,
      "n": 23
    }
  ]
}