{
  "weights": {
    "BOLL_触及下轨": 11.8,
    "RSI_极度超卖": 8.8,
    "KDJ_J超卖": 8.0,
    "RSI_回升": 7.5,
    "形态_早晨之星": 7.4,
    "RSI_超卖": 7.0,
    "量价_严重缩量": 6.3,
    "BOLL_中轨下方": 6.6,
    "MACD_即将金叉": 5.8,
    "MA_突破MA5": 5.6,
    "KDJ_超卖金叉": 5.4,
    "形态_锤子线": 5.2,
    "资金_温和流入": 5.4,
    "MA_短期多头": 4.9,
    "MACD_红柱": 2.5,
    "量价_缩量上涨": 4.5,
    "RSI_强势": 4.4,
    "KDJ_多头": 3.9,
    "量价_放量横盘": 2.6,
    "MA_多头排列": 3.6,
    "形态_阳线": 2.5,
    "形态_阳包阴": 3.0,
    "MACD_红柱放大": 3.0,
    "MA_站上MA5": 2.5,
    "RSI_偏高": 0.0,
    "MACD_金叉": 3.6,
    "量价_量升价涨": 1.3,
    "量价_放量上涨": 1.2
  },
  "threshold": 130,
  "calibrated_at": "2026-03-12 15:31:03",
  "sample_size": 200,
  "signal_stats": {
    "MACD_即将金叉": {
      "win_rate": 0.5141466382719805,
      "avg_return": 0.27987717909920135,
      "n": 9861
    },
    "KDJ_多头": {
      "win_rate": 0.4937030758052797,
      "avg_return": 0.24357942457231865,
      "n": 16516
    },
    "RSI_回升": {
      "win_rate": 0.5335658238884046,
      "avg_return": 0.3085567826089022,
      "n": 4588
    },
    "MA_站上MA5": {
      "win_rate": 0.48156182212581344,
      "avg_return": 0.21440175891828273,
      "n": 4149
    },
    "BOLL_中轨下方": {
      "win_rate": 0.5231792273590881,
      "avg_return": 0.2740612530583314,
      "n": 15790
    },
    "形态_阳线": {
      "win_rate": 0.4882103277528885,
      "avg_return": 0.2127456238446252,
      "n": 16964
    },
    "资金_温和流入": {
      "win_rate": 0.5066282152658264,
      "avg_return": 0.23488127045318855,
      "n": 42998
    },
    "RSI_偏高": {
      "win_rate": 0.4768654720513506,
      "avg_return": 0.21933758694479924,
      "n": 11217
    },
    "MA_短期多头": {
      "win_rate": 0.5049421067495058,
      "avg_return": 0.27259126258705196,
      "n": 7082
    },
    "RSI_强势": {
      "win_rate": 0.4987442274973669,
      "avg_return": 0.22202738744892034,
      "n": 12343
    },
    "MACD_金叉": {
      "win_rate": 0.46950195858981536,
      "avg_return": 0.24781105354110153,
      "n": 1787
    },
    "量价_放量上涨": {
      "win_rate": 0.4636608344549125,
      "avg_return": 0.26928877134991963,
      "n": 2972
    },
    "形态_阳包阴": {
      "win_rate": 0.4831154684095861,
      "avg_return": 0.206152226796022,
      "n": 1836
    },
    "MACD_红柱放大": {
      "win_rate": 0.4830720712364345,
      "avg_return": 0.25269699772537846,
      "n": 10781
    },
    "MACD_红柱": {
      "win_rate": 0.5015873015873016,
      "avg_return": 0.1687925416363068,
      "n": 10710
    },
    "MA_多头排列": {
      "win_rate": 0.49046568211395913,
      "avg_return": 0.20413827971171078,
      "n": 17673
    },
    "量价_缩量上涨": {
      "win_rate": 0.49990408593899865,
      "avg_return": 0.25621781367707536,
      "n": 10426
    },
    "形态_锤子线": {
      "win_rate": 0.5079516539440203,
      "avg_return": 0.24493887032924447,
      "n": 3144
    },
    "KDJ_J超卖": {
      "win_rate": 0.5393388749275082,
      "avg_return": 0.2477608982365501,
      "n": 10346
    },
    "RSI_超卖": {
      "win_rate": 0.5276235791699709,
      "avg_return": 0.19129164007644675,
      "n": 3783
    },
    "MA_突破MA5": {
      "win_rate": 0.5124042879019908,
      "avg_return": 0.2409208458790587,
      "n": 3265
    },
    "量价_量升价涨": {
      "win_rate": 0.46407347379794706,
      "avg_return": 0.0730831362886325,
      "n": 3702
    },
    "RSI_极度超卖": {
      "win_rate": 0.5483064332802909,
      "avg_return": 0.2650885252255246,
      "n": 4399
    },
    "KDJ_超卖金叉": {
      "win_rate": 0.5098890496864448,
      "avg_return": 0.2861192223255759,
      "n": 2073
    },
    "形态_早晨之星": {
      "win_rate": 0.5320366132723112,
      "avg_return": 0.4890948759297607,
      "n": 1748
    },
    "BOLL_触及下轨": {
      "win_rate": 0.5807467386414755,
      "avg_return": 0.34870443688027086,
      "n": 2223
    },
    "量价_严重缩量": {
      "win_rate": 0.5257731958762887,
      "avg_return": 0.3106783713669977,
      "n": 582
    },
    "量价_放量横盘": {
      "win_rate": 0.49137931034482757,
      "avg_return": 0.3211608402695799,
      "n": 116
    }
  },
  "best_combos": [
    {
      "signals": [
        "量价_缩量上涨",
        "BOLL_触及下轨"
      ],
      "win_rate": 0.6785714285714286,
      "avg_return": 0.5980352121605562,
      "n": 56
    },
    {
      "signals": [
        "MACD_红柱放大",
        "量价_严重缩量"
      ],
      "win_rate": 0.6451612903225806,
      "avg_return": 3.096554257117638,
      "n": 31
    },
    {
      "signals": [
        "BOLL_触及下轨",
        "KDJ_J超卖",
        "MACD_即将金叉"
      ],
      "win_rate": 0.6451612903225806,
      "avg_return": 0.4445032810472287,
      "n": 31
    },
    {
      "signals": [
        "KDJ_J超卖",
        "形态_早晨之星",
        "BOLL_中轨下方"
      ],
      "win_rate": 0.6407766990291263,
      "avg_return": 0.656181009792739,
      "n": 103
    },
    {
      "signals": [
        "KDJ_J超卖",
        "MACD_即将金叉",
        "形态_锤子线"
      ],
      "win_rate": 0.6404494382022472,
      "avg_return": 0.4829148836636527,
      "n": 89
    },
    {
      "signals": [
        "KDJ_多头",
        "RSI_极度超卖"
      ],
      "win_rate": 0.6333333333333333,
      "avg_return": 0.42452392707411407,
      "n": 30
    },
    {
      "signals": [
        "MA_多头排列",
        "RSI_极度超卖"
      ],
      "win_rate": 0.6307692307692307,
      "avg_return": 0.5574023960266066,
      "n": 65
    },
    {
      "signals": [
        "RSI_回升",
        "BOLL_触及下轨"
      ],
      "win_rate": 0.6271186440677966,
      "avg_return": 0.4559369101376828,
      "n": 59
    },
    {
      "signals": [
        "RSI_回升",
        "量价_严重缩量"
      ],
      "win_rate": 0.625,
      "avg_return": 0.2586728913294747,
      "n": 32
    },
    {
      "signals": [
        "BOLL_触及下轨",
        "形态_阳线"
      ],
      "win_rate": 0.6226415094339622,
      "avg_return": 0.644922902575251,
      "n": 159
    }
  ]
}